{
    "Midas Blaster": {
        "items": [908, 727, 534, 390, 842, 473, 150, 194, 287, 211],
        "amounts": [1, 1, 1, 1, 1, 1, 9, 2, 10, 10],
        "itemid": 860,
        "catid": 963,
        "crafting": [[150, 194, 287, 211], [9, 2, 10, 10]],
        "itemnames": ["King Gold Mine","Massive Diamond Drill","True Book of Knowledge","Sage Justice","Coliseum Catharsis","Sage King"],
        "itempositions": ["-6, 24.4999886, 4.5, 0, 0, 1, 0, 1, -0, -1, 0, 0","-30, 13.9999886, -18, 0, 0, -1, 0, 1, 0, 1, 0, 0","-10.5000305, 8.00001907, -16.5, -1, 0, 0, 0, 1, 0, 0, 0, -1","2.99996948, 5.00001907, -13.5, -1, 0, 0, 0, 1, 0, 0, 0, -1","24, 10.0000191, -21, 1, 0, 0, 0, 1, 0, 0, 0, 1","-6, 9.50001907, -45, 0, 0, -1, 0, 1, 0, 1, 0, 0"]
    },
    "The Hourglass": {
        "items": [908, 736, 855, 1170, 1181, 1079, 167, 230, 263, 271, 844, 917, 918],
        "amounts": [1, 1, 1, 1, 1, 1, 7, 24, 11, 17, 9, 14, 2],
        "itemid": 1176,
        "catid": 1175,
        "crafting": [[167, 230, 263, 271, 844, 917, 918], [7, 24, 11, 17, 9, 14, 2]],
        "itemnames": ["True Book of Knowledge","Grandfather Clockwork","Interstellar Conqueror","Temporal Enchantment","Temporal Armageddon","The Trinity"],
        "itempositions": ["1.49996948, 8.00001907, 1.5, -1, 0, 0, 0, 1, 0, 0, 0, -1","15, 11.0000191, 0, 0, 0, 1, 0, 1, -0, -1, 0, 0","6, 6.50001907, 23.9999695, 0, 0, 1, 0, 1, -0, -1, 0, 0","-19.500061, 11.0000191, -6, -1, 0, 0, 0, 1, 0, 0, 0, -1","6, 8.00001907, -17.999939, 1, 0, 0, 0, 1, 0, 0, 0, 1","30, 8.00001907, -3, 0, 0, 1, 0, 1, -0, -1, 0, 0"]
    },
    "Havium Mine": {
        "items": [908, 435, 894, 885, 665, 536, 143, 150],
        "amounts": [1, 1, 1, 1, 1, 1, 9, 17],
        "itemid": 866,
        "catid": 910,
        "crafting": [[143, 150], [9, 17]],
        "itemnames": ["True Book of Knowledge","Symmetryte Mine","Yuntonium Mine","Solarium Mine","Yuttrium Mine","Gargantium Mine"],
        "itempositions": ["4.49996948, 8.00001907, -1.5, -1, 0, 0, 0, 1, 0, 0, 0, -1","3, 6.50001907, 21, -1.1920929e-07, 0, 1.00000012, 0, 1, 0, -1.00000012, 0, -1.1920929e-07","6, 12.4999886, -25.5, 0, 0, -1, 0, 1, 0, 1, 0, 0","33, 11.0000191, -1.5, 0, 0, 1, 0, 1, -0, -1, 0, 0","-13.5, 8.00001907, -19.5, -1, 0, 0, 0, 1, 0, 0, 0, -1","-24, 12.4999886, 6, 0, 0, -1, 0, 1, 0, 1, 0, 0"]
    },
    "Daestrophe": {
        "items": [908, 668, 643, 680, 362, 694, 235, 456, 831],
        "amounts": [1, 1, 1, 1, 1, 1, 10, 9, 24],
        "itemid": 859,
        "catid": 912,
        "crafting": [[235, 456, 831], [10, 9, 24]],
        "itemnames": ["True Book of Knowledge","The Fissure","The Daegelart","Overlord's Telamonster","Eternal Fracture","Void Drive"],
        "itempositions": ["-4.50003052, 8.00001907, -1.5, -1, 0, 0, 0, 1, 0, 0, 0, -1","-1.5, 3.50001907, -28.5, -1, 0, 0, 0, 1, 0, 0, 0, -1","-28.5, 14.0000191, 3, 1, 0, 0, 0, 1, 0, 0, 0, 1","12.0000305, 9.50001907, -6, -1, 0, 0, 0, 1, 0, 0, 0, -1","3, 5.00001907, 22.5, 0, 0, 1, 0, 1, -0, -1, 0, 0","33, 6.49998856, 3, -1.1920929e-07, -0, -1.00000012, 0, 1, -0, 1.00000012, 0, -1.1920929e-07"]
    },
    "Draedon's Gauntlet": {
        "items": [908, 706, 385, 871, 883, 525, 127, 229, 150, 278],
        "amounts": [1, 1, 1, 1, 1, 1, 10, 13, 5, 2],
        "itemid": 644,
        "catid": 913,
        "crafting": [[127, 229, 150, 278], [10, 13, 5, 2]],
        "itemnames": ["Tempest Refiner","Lightningbolt Predictor","True Book of Knowledge","Azure Purifier","Tesla Refuter","Mystical Thunder"],
        "itempositions": ["-21, 6.50001907, 19.5, 0, 0, -1, 0, 1, 0, 1, 0, 0","-6, 4.99998856, 10.5, 0, 0, 1, 0, 1, -0, -1, 0, 0","-4.50003052, 8.00001907, -4.5, -1, 0, 0, 0, 1, 0, 0, 0, -1","13.5, 14.4999886, -9, -1.1920929e-07, 0, 1.00000012, 0, 1, 0, -1.00000012, 0, -1.1920929e-07","-19.5, 5.00001907, 0, 0, 0, -1, 0, 1, 0, 1, 0, 0","-9, 9.50001907, -24, 1, 0, 0, 0, 1, 0, 0, 0, 1"]
    },
    "Delta Phantom": {
        "items": [908, 693, 586, 416, 535, 895, 180, 270],
        "amounts": [1, 1, 1, 1, 1, 1, 26, 11],
        "itemid": 858,
        "catid": 915,
        "crafting": [[180, 270], [26, 11]],
        "itemnames": ["True Book of Knowledge","Eternal Limbo","Brimstone Spires","Dark Illuminator","Forbidden Magic","Anguished Guardian of the Gate"],
        "itempositions": ["1.49996948, 8.00001907, 1.5, -1, 0, 0, 0, 1, 0, 0, 0, -1","0, 18.4999886, -24, 1, 0, 0, 0, 1, 0, 0, 0, 1","21, 11.0000191, 9, -1.1920929e-07, 0, 1.00000012, 0, 1, 0, -1.00000012, 0, -1.1920929e-07","-9.00003052, 3.49998856, -1.5, 0, 0, -1, 0, 1, 0, 1, 0, 0","0, 8.00001907, 21, 1, 0, 0, 0, 1, 0, 0, 0, 1","-23.9999695, 10.9999886, 9, 1, 0, 0, 0, 1, 0, 0, 0, 1"]
    },
    "Pandora's Box": {
        "items": [908, 922, 880, 587, 588, 590, 177, 208, 131, 150, 194, 235],
        "amounts": [1, 1, 1, 1, 1, 1, 23, 1, 3, 1, 7, 7],
        "itemid": 865,
        "catid": 911,
        "crafting": [[177, 208, 131, 150, 194, 235], [23, 1, 3, 1, 7, 7]],
        "itemnames": ["True Book of Knowledge","Dreamer's Blight","Dreamer's Valor","Dreamer's Nightmare","Dreamer's Terror","Devourer of Nightmares"],
        "itempositions": ["1.49996948, 8.00001907, 1.5, -1, 0, 0, 0, 1, 0, 0, 0, -1","0, 11.0000191, -19.4999695, 1, 0, 0, 0, 1, 0, 0, 0, 1","22.5, 9.49998856, 9, -1, 0, 0, 0, 1, 0, 0, 0, -1","-6, 12.5000191, 22.5, 1, 0, 0, 0, 1, 0, 0, 0, 1","-37.5, 12.5000191, -9, -1.1920929e-07, 0, 1.00000012, 0, 1, 0, -1.00000012, 0, -1.1920929e-07","-13.5, 5.00001907, 3, 1, 0, 0, 0, 1, 0, 0, 0, 1"]
    },
    "Elysium Solemnity": {
        "items": [908, 293, 472, 733, 667, 854, 235, 230, 259, 131, 150, 458, 194, 167],
        "amounts": [1, 1, 1, 1, 1, 1, 13, 12, 9, 3, 3, 2, 1, 3],
        "itemid": 862,
        "catid": 914,
        "crafting": [[235, 230, 259, 131, 150, 458, 194, 167], [13, 12, 9, 3, 3, 2, 1, 3]],
        "itemnames": ["True Book of Knowledge","True Overlord Device","Final Eclipse Gate","Crystal Altar","Aethereal Synthesizer","Champion Infuser"],
        "itempositions": ["-1.5, 8, -1.49998474, -1, 0, 0, 0, 1, 0, 0, 0, -1","15, 6.5, -1.49998474, 1, 0, 0, 0, 1, 0, 0, 0, 1","-21, 12.5000305, -11.9999847, 0, 0, 1, 0, 1, -0, -1, 0, 0","12, 15.5, -28.4999847, 1, 0, 0, 0, 1, 0, 0, 0, 1","0, 11, 18, 0, 0, 1, 0, 1, -0, -1, 0, 0","33, 6.50003052, 1.52587891e-05, -1, 0, 0, 0, 1, 0, 0, 0, -1"]
    },
    "Optic Origin": {
        "items": [908, 291, 437, 349, 901, 666, 235, 194, 179],
        "amounts": [1, 1, 1, 1, 1, 1, 5, 16, 2],
        "itemid": 857,
        "catid": 909,
        "crafting": [[235, 194, 179], [5, 16, 2]],
        "itemnames": ["True Book of Knowledge","Morning Star","Neutron Star","Catalyzed Star","Ore Nova","Void Star"],
        "itempositions": ["-1.50001526, 8, 1.5, -1, 0, 0, 0, 1, 0, 0, 0, -1","-15, 6.5, -3, 0, 0, 1, 0, 1, -0, -1, 0, 0","-3.00001526, 6.49996948, -15, 1, 0, 0, 0, 1, 0, 0, 0, 1","14.9999847, 5, 6.10351562e-05, 0, 0, 1, 0, 1, -0, -1, 0, 0","-16.5000153, 9.5, 10.500061, -1, 0, 0, 0, 1, 0, 0, 0, -1","8.99992371, 9.5, 24, 1, 0, 0, 0, 1, 0, 0, 0, 1"]
    },
    "The Death Cap": {
        "items": [908, 922, 436, 351, 843, 858, 177, 180, 211, 916, 194, 290, 131, 287, 179],
        "amounts": [1, 1, 1, 1, 1, 1, 10, 10, 4, 4, 3, 2, 2, 3, 1],
        "itemid": 861,
        "catid": 965,
        "crafting": [[177, 180, 211, 916, 194, 290, 131, 287, 179], [10, 10, 4, 4, 3, 2, 2, 3, 1]],
        "itemnames": ["True Book of Knowledge","Dreamer's Blight","Deadly Spore","Azure Spore","Lord of Tenebrous","Delta Phantom"],
        "itempositions": ["1.5, 8, 1.50001526, -1, 0, 0, 0, 1, 0, 0, 0, -1","3, 11, -19.4999847, 1, 0, 0, 0, 1, 0, 0, 0, 1","15, 8.00003052, 1.52587891e-05, -1.1920929e-07, 0, 1.00000012, 0, 1, 0, -1.00000012, 0, -1.1920929e-07","-15, 8.00003052, 1.52587891e-05, 1, 0, 0, 0, 1, 0, 0, 0, 1","15, 7.99996948, 15.0000153, 0, 0, -1, 0, 1, 0, 1, 0, 0","-3, 8, 21.0000153, -1, 0, 0, 0, 1, 0, 0, 0, -1"]
    },